<?xml version="1.0" encoding="UTF-8"?>
<configuration status="WARN">
  <appenders>
    <Console name="Console" target="SYSTEM_ERR">
      <!-- ThreadContext: %x = stack, %X = map-->
      <PatternLayout pattern="%d{HH:mm:ss.SSS} %highlight{[%t] %30logger{2} [%-5level]} %X %msg %throwable{50}%n"/>
    </Console>
  </appenders>
  <loggers>
    <root level="WARN">
      <appender-ref ref="Console"/>
    </root>
    <!--<logger name="co.paralleluniverse.galaxy.core.StringRootManager" level="DEBUG"/>-->
    <!--<logger name="co.paralleluniverse.galaxy.core.Cache" level="DEBUG"/>-->
    <!--<logger name="co.paralleluniverse.galaxy.netty.UDPComm" level="DEBUG"/>-->
    <!--<logger name="co.paralleluniverse.actors" level="DEBUG"/>-->
    <!--<logger name="co.paralleluniverse.remote.galaxy" level="DEBUG"/>-->
    <!--<logger name="co.paralleluniverse.galaxy.core.BackupImpl" level="DEBUG"/>-->
    
  </loggers>
</configuration>